{
    "political_stability_index": 0.23232217049782442,
    "logistics_performance_index": 0.029005283295661766,
    "supplier_financial_health": 0.2309477145829748,
    "disaster_exposure_score": 0.16940518740758773,
    "trade_dependency_ratio": 0.07385059868031611,
    "historical_disruption_rate": 0.18606141298045875,
    "esg_risk_score": 0.07840763255517637
}