{
    "accuracy": 0.9455,
    "roc_auc": 0.9911607893479948,
    "classification_report": {
        "0": {
            "precision": 0.941304347826087,
            "recall": 0.9994229659549914,
            "f1-score": 0.9694934228939267,
            "support": 1733.0
        },
        "1": {
            "precision": 0.99375,
            "recall": 0.5955056179775281,
            "f1-score": 0.7447306791569087,
            "support": 267.0
        },
        "accuracy": 0.9455,
        "macro avg": {
            "precision": 0.9675271739130435,
            "recall": 0.7974642919662598,
            "f1-score": 0.8571120510254178,
            "support": 2000.0
        },
        "weighted avg": {
            "precision": 0.9483058423913043,
            "recall": 0.9455,
            "f1-score": 0.9394875966050348,
            "support": 2000.0
        }
    }
}