{"mse": 63.86536325832084, "r2": 0.3194254096680147}